NAME,pop_total,households_total,zcta
ZCTA5 90001,56403,13416,90001
ZCTA5 90002,52735,13319,90002
ZCTA5 90003,71708,17634,90003
ZCTA5 90004,58844,23735,90004
ZCTA5 90005,38747,17477,90005
ZCTA5 90006,55192,19268,90006
ZCTA5 90007,39253,12451,90007
ZCTA5 90008,33443,14740,90008
ZCTA5 90010,4478,2488,90010
ZCTA5 90011,102784,24156,90011
ZCTA5 90012,37463,15236,90012
ZCTA5 90013,14891,8399,90013
ZCTA5 90014,9540,6450,90014
ZCTA5 90015,25257,13180,90015
ZCTA5 90016,46102,17844,90016
ZCTA5 90017,28981,14148,90017
ZCTA5 90018,48812,16646,90018
ZCTA5 90019,59288,23724,90019
ZCTA5 90020,38361,17563,90020
ZCTA5 90021,3152,1541,90021
ZCTA5 90022,61638,17007,90022
ZCTA5 90023,44608,11842,90023
ZCTA5 90024,50830,16847,90024
ZCTA5 90025,45238,22875,90025
ZCTA5 90026,62902,26461,90026
ZCTA5 90027,46049,21736,90027
ZCTA5 90028,31441,17643,90028
ZCTA5 90029,33830,13089,90029
ZCTA5 90031,36881,12166,90031
ZCTA5 90032,43724,13372,90032
ZCTA5 90033,46540,13149,90033
ZCTA5 90034,55120,25628,90034
ZCTA5 90035,27851,11997,90035
ZCTA5 90036,38784,19985,90036
ZCTA5 90037,67895,17709,90037
ZCTA5 90038,27807,13344,90038
ZCTA5 90039,28572,12351,90039
ZCTA5 90040,11683,3344,90040
ZCTA5 90041,27351,9790,90041
ZCTA5 90042,58344,21490,90042
ZCTA5 90043,43548,16883,90043
ZCTA5 90044,95859,27423,90044
ZCTA5 90045,42352,16311,90045
ZCTA5 90046,48905,28716,90046
ZCTA5 90047,50925,17198,90047
ZCTA5 90048,20796,11838,90048
ZCTA5 90049,36735,16605,90049
ZCTA5 90052,0,0,90052
ZCTA5 90056,8908,3531,90056
ZCTA5 90057,45548,16688,90057
ZCTA5 90058,3409,1105,90058
ZCTA5 90059,38015,10245,90059
ZCTA5 90061,28478,7729,90061
ZCTA5 90062,32110,9626,90062
ZCTA5 90063,50536,13229,90063
ZCTA5 90064,26494,11807,90064
ZCTA5 90065,45075,16441,90065
ZCTA5 90066,54975,24867,90066
ZCTA5 90067,3165,1918,90067
ZCTA5 90068,21569,12103,90068
ZCTA5 90069,20318,13068,90069
ZCTA5 90071,304,0,90071
ZCTA5 90073,1053,0,90073
ZCTA5 90077,8158,3225,90077
ZCTA5 90079,0,0,90079
ZCTA5 90089,4777,6,90089
ZCTA5 90094,12127,6075,90094
ZCTA5 90095,0,0,90095
ZCTA5 90201,93783,24358,90201
ZCTA5 90210,19652,8025,90210
ZCTA5 90211,8871,3693,90211
ZCTA5 90212,10834,5439,90212
ZCTA5 90220,49156,13595,90220
ZCTA5 90221,50782,12397,90221
ZCTA5 90222,32173,8519,90222
ZCTA5 90230,31570,13243,90230
ZCTA5 90232,16804,7337,90232
ZCTA5 90240,25326,7675,90240
ZCTA5 90241,45484,14481,90241
ZCTA5 90242,40983,12571,90242
ZCTA5 90245,16863,7125,90245
ZCTA5 90247,47303,16158,90247
ZCTA5 90248,11144,4068,90248
ZCTA5 90249,25967,8880,90249
ZCTA5 90250,94991,32712,90250
ZCTA5 90254,19248,8922,90254
ZCTA5 90255,70363,18714,90255
ZCTA5 90260,32379,10330,90260
ZCTA5 90262,64918,15130,90262
ZCTA5 90263,1895,0,90263
ZCTA5 90265,15914,6219,90265
ZCTA5 90266,34584,13323,90266
ZCTA5 90270,24522,6341,90270
ZCTA5 90272,21438,8282,90272
ZCTA5 90274,24988,9182,90274
ZCTA5 90275,41367,15335,90275
ZCTA5 90277,35391,16393,90277
ZCTA5 90278,42536,15863,90278
ZCTA5 90280,91719,24791,90280
ZCTA5 90290,5948,2236,90290
ZCTA5 90291,25738,14247,90291
ZCTA5 90292,23684,13198,90292
ZCTA5 90293,12784,6573,90293
ZCTA5 90301,36428,12165,90301
ZCTA5 90302,28871,10464,90302
ZCTA5 90303,23169,6932,90303
ZCTA5 90304,26215,7253,90304
ZCTA5 90305,14612,5897,90305
ZCTA5 90401,7925,4942,90401
ZCTA5 90402,11178,4742,90402
ZCTA5 90403,25087,13372,90403
ZCTA5 90404,22881,10512,90404
ZCTA5 90405,26809,13972,90405
ZCTA5 90501,41319,14512,90501
ZCTA5 90502,18114,6533,90502
ZCTA5 90503,43764,17091,90503
ZCTA5 90504,33321,11664,90504
ZCTA5 90505,35605,13925,90505
ZCTA5 90506,0,0,90506
ZCTA5 90601,30472,10789,90601
ZCTA5 90602,25823,7950,90602
ZCTA5 90603,20361,6425,90603
ZCTA5 90604,39378,11630,90604
ZCTA5 90605,39224,10816,90605
ZCTA5 90606,31881,8705,90606
ZCTA5 90620,46992,13111,90620
ZCTA5 90621,35735,10950,90621
ZCTA5 90623,15369,5093,90623
ZCTA5 90630,49565,16018,90630
ZCTA5 90631,68615,22673,90631
ZCTA5 90638,45714,15120,90638
ZCTA5 90639,1714,0,90639
ZCTA5 90640,61615,19722,90640
ZCTA5 90650,100808,26801,90650
ZCTA5 90660,60821,16804,90660
ZCTA5 90670,18255,5614,90670
ZCTA5 90680,31949,10350,90680
ZCTA5 90701,16044,4379,90701
ZCTA5 90703,48607,15869,90703
ZCTA5 90704,3764,1231,90704
ZCTA5 90706,77396,23669,90706
ZCTA5 90710,26777,9388,90710
ZCTA5 90712,30672,9997,90712
ZCTA5 90713,28583,9361,90713
ZCTA5 90715,20668,6372,90715
ZCTA5 90716,13743,3807,90716
ZCTA5 90717,21319,7845,90717
ZCTA5 90720,24021,8383,90720
ZCTA5 90723,52546,14348,90723
ZCTA5 90731,62452,23131,90731
ZCTA5 90732,23104,9178,90732
ZCTA5 90740,24382,12752,90740
ZCTA5 90742,385,251,90742
ZCTA5 90743,478,192,90743
ZCTA5 90744,53678,14959,90744
ZCTA5 90745,57952,15606,90745
ZCTA5 90746,27465,8599,90746
ZCTA5 90747,17,0,90747
ZCTA5 90755,11654,4710,90755
ZCTA5 90802,39859,22334,90802
ZCTA5 90803,31804,17038,90803
ZCTA5 90804,38306,15041,90804
ZCTA5 90805,94631,28256,90805
ZCTA5 90806,39972,12347,90806
ZCTA5 90807,33320,12808,90807
ZCTA5 90808,39351,14217,90808
ZCTA5 90810,35648,9970,90810
ZCTA5 90813,51689,17336,90813
ZCTA5 90814,20676,9521,90814
ZCTA5 90815,43461,15457,90815
ZCTA5 90822,93,0,90822
ZCTA5 90831,0,0,90831
ZCTA5 90840,0,0,90840
ZCTA5 91001,36402,12724,91001
ZCTA5 91006,32106,10623,91006
ZCTA5 91007,33141,11705,91007
ZCTA5 91008,754,314,91008
ZCTA5 91010,27245,8579,91010
ZCTA5 91011,20094,6403,91011
ZCTA5 91016,41710,15312,91016
ZCTA5 91020,7265,3212,91020
ZCTA5 91024,11020,4711,91024
ZCTA5 91030,26297,10413,91030
ZCTA5 91040,21436,7513,91040
ZCTA5 91042,27055,10190,91042
ZCTA5 91046,142,88,91046
ZCTA5 91101,20814,11332,91101
ZCTA5 91103,24910,8496,91103
ZCTA5 91104,35595,13490,91104
ZCTA5 91105,12546,5771,91105
ZCTA5 91106,23217,10546,91106
ZCTA5 91107,32944,13048,91107
ZCTA5 91108,12464,3934,91108
ZCTA5 91125,968,85,91125
ZCTA5 91201,22261,8031,91201
ZCTA5 91202,22258,8779,91202
ZCTA5 91203,16482,6938,91203
ZCTA5 91204,18847,6805,91204
ZCTA5 91205,34890,13572,91205
ZCTA5 91206,32330,12449,91206
ZCTA5 91207,10626,3995,91207
ZCTA5 91208,15467,6029,91208
ZCTA5 91210,334,167,91210
ZCTA5 91214,31707,10638,91214
ZCTA5 91301,24477,8730,91301
ZCTA5 91302,26205,9711,91302
ZCTA5 91303,29522,10484,91303
ZCTA5 91304,53794,18369,91304
ZCTA5 91306,48177,14697,91306
ZCTA5 91307,25823,8735,91307
ZCTA5 91311,40557,14391,91311
ZCTA5 91316,29246,12874,91316
ZCTA5 91320,43628,15043,91320
ZCTA5 91321,32668,10764,91321
ZCTA5 91324,29510,10445,91324
ZCTA5 91325,35116,12795,91325
ZCTA5 91326,37068,12948,91326
ZCTA5 91330,2591,4,91330
ZCTA5 91331,98820,23036,91331
ZCTA5 91335,74802,24234,91335
ZCTA5 91340,33750,8542,91340
ZCTA5 91342,93513,25205,91342
ZCTA5 91343,61607,18175,91343
ZCTA5 91344,53248,17774,91344
ZCTA5 91345,18282,5489,91345
ZCTA5 91350,43621,13734,91350
ZCTA5 91351,33553,10420,91351
ZCTA5 91352,46153,12402,91352
ZCTA5 91354,33059,10967,91354
ZCTA5 91355,28777,11788,91355
ZCTA5 91356,30809,12155,91356
ZCTA5 91360,42315,15161,91360
ZCTA5 91361,18728,7773,91361
ZCTA5 91362,36205,13823,91362
ZCTA5 91364,28662,10219,91364
ZCTA5 91367,45427,18919,91367
ZCTA5 91371,0,0,91371
ZCTA5 91377,13656,5006,91377
ZCTA5 91381,21857,7267,91381
ZCTA5 91384,27278,7136,91384
ZCTA5 91387,46283,14233,91387
ZCTA5 91390,18722,6326,91390
ZCTA5 91401,39011,15053,91401
ZCTA5 91402,66710,20147,91402
ZCTA5 91403,25566,11892,91403
ZCTA5 91405,54887,18722,91405
ZCTA5 91406,52661,19154,91406
ZCTA5 91411,23520,9346,91411
ZCTA5 91423,32536,15475,91423
ZCTA5 91436,16424,6012,91436
ZCTA5 91501,19343,8029,91501
ZCTA5 91502,11732,5322,91502
ZCTA5 91504,27268,10067,91504
ZCTA5 91505,31843,12975,91505
ZCTA5 91506,18773,7908,91506
ZCTA5 91601,37033,18732,91601
ZCTA5 91602,19760,10064,91602
ZCTA5 91604,32118,14848,91604
ZCTA5 91605,52086,16139,91605
ZCTA5 91606,43202,15589,91606
ZCTA5 91607,30918,13929,91607
ZCTA5 91608,38,29,91608
ZCTA5 91701,38597,12947,91701
ZCTA5 91702,61766,17555,91702
ZCTA5 91706,71620,18485,91706
ZCTA5 91708,17308,5272,91708
ZCTA5 91709,78200,25548,91709
ZCTA5 91710,80186,22987,91710
ZCTA5 91711,37538,12589,91711
ZCTA5 91722,34087,9960,91722
ZCTA5 91723,18200,6256,91723
ZCTA5 91724,28113,9018,91724
ZCTA5 91730,71692,25333,91730
ZCTA5 91731,28122,8361,91731
ZCTA5 91732,58056,15616,91732
ZCTA5 91733,41716,10816,91733
ZCTA5 91737,22797,7880,91737
ZCTA5 91739,41722,11823,91739
ZCTA5 91740,26160,8144,91740
ZCTA5 91741,26166,8777,91741
ZCTA5 91744,78253,18227,91744
ZCTA5 91745,54996,16499,91745
ZCTA5 91746,28256,7096,91746
ZCTA5 91748,43137,13793,91748
ZCTA5 91750,33267,12368,91750
ZCTA5 91752,37551,10142,91752
ZCTA5 91754,33176,12041,91754
ZCTA5 91755,26413,8685,91755
ZCTA5 91759,290,162,91759
ZCTA5 91761,62506,17807,91761
ZCTA5 91762,63656,19133,91762
ZCTA5 91763,37515,10267,91763
ZCTA5 91764,55412,16595,91764
ZCTA5 91765,44779,15420,91765
ZCTA5 91766,68673,19399,91766
ZCTA5 91767,50308,14874,91767
ZCTA5 91768,34921,8524,91768
ZCTA5 91770,58893,16728,91770
ZCTA5 91773,33917,12178,91773
ZCTA5 91775,23776,8317,91775
ZCTA5 91776,37769,11769,91776
ZCTA5 91780,35136,11336,91780
ZCTA5 91784,26900,8962,91784
ZCTA5 91786,55519,19408,91786
ZCTA5 91789,40933,12716,91789
ZCTA5 91790,44791,12711,91790
ZCTA5 91791,33321,10896,91791
ZCTA5 91792,30921,9475,91792
ZCTA5 91801,53730,20219,91801
ZCTA5 91803,27803,9884,91803
ZCTA5 91901,18300,6386,91901
ZCTA5 91902,17445,6106,91902
ZCTA5 91905,1466,487,91905
ZCTA5 91906,3375,1238,91906
ZCTA5 91910,77957,26383,91910
ZCTA5 91911,84619,25375,91911
ZCTA5 91913,57067,17086,91913
ZCTA5 91914,17036,4869,91914
ZCTA5 91915,35385,10494,91915
ZCTA5 91916,1757,618,91916
ZCTA5 91917,889,236,91917
ZCTA5 91931,735,280,91931
ZCTA5 91932,25897,9308,91932
ZCTA5 91934,1265,436,91934
ZCTA5 91935,9466,2953,91935
ZCTA5 91941,33706,12689,91941
ZCTA5 91942,40920,17575,91942
ZCTA5 91945,27531,9420,91945
ZCTA5 91948,123,49,91948
ZCTA5 91950,57173,17951,91950
ZCTA5 91962,2457,1056,91962
ZCTA5 91963,617,140,91963
ZCTA5 91977,62957,19420,91977
ZCTA5 91978,10511,3268,91978
ZCTA5 91980,157,22,91980
ZCTA5 92003,4978,1704,92003
ZCTA5 92004,3030,1649,92004
ZCTA5 92007,11764,4392,92007
ZCTA5 92008,27707,11814,92008
ZCTA5 92009,45778,16223,92009
ZCTA5 92010,17300,6795,92010
ZCTA5 92011,23715,9149,92011
ZCTA5 92014,13260,5753,92014
ZCTA5 92019,45801,14988,92019
ZCTA5 92020,58490,19507,92020
ZCTA5 92021,69306,22573,92021
ZCTA5 92024,50030,19740,92024
ZCTA5 92025,50046,16612,92025
ZCTA5 92026,53041,19153,92026
ZCTA5 92027,55232,17038,92027
ZCTA5 92028,50905,16836,92028
ZCTA5 92029,20296,7704,92029
ZCTA5 92036,3128,1472,92036
ZCTA5 92037,39284,16519,92037
ZCTA5 92040,45978,15438,92040
ZCTA5 92054,37546,15064,92054
ZCTA5 92055,11181,0,92055
ZCTA5 92056,53265,19512,92056
ZCTA5 92057,57994,18762,92057
ZCTA5 92058,49189,14274,92058
ZCTA5 92059,1449,426,92059
ZCTA5 92060,591,157,92060
ZCTA5 92061,1693,742,92061
ZCTA5 92064,48555,16421,92064
ZCTA5 92065,37397,12371,92065
ZCTA5 92066,314,157,92066
ZCTA5 92067,8245,2971,92067
ZCTA5 92069,46825,15042,92069
ZCTA5 92070,749,296,92070
ZCTA5 92071,59739,21036,92071
ZCTA5 92075,11996,5100,92075
ZCTA5 92078,53542,18327,92078
ZCTA5 92081,29596,10645,92081
ZCTA5 92082,20596,6388,92082
ZCTA5 92083,37957,11486,92083
ZCTA5 92084,49533,15025,92084
ZCTA5 92086,1410,593,92086
ZCTA5 92091,1215,663,92091
ZCTA5 92092,985,0,92092
ZCTA5 92093,4090,0,92093
ZCTA5 92096,0,0,92096
ZCTA5 92101,48163,28670,92101
ZCTA5 92102,39001,14608,92102
ZCTA5 92103,34817,19557,92103
ZCTA5 92104,46912,23142,92104
ZCTA5 92105,71284,22657,92105
ZCTA5 92106,20863,7552,92106
ZCTA5 92107,29789,13688,92107
ZCTA5 92108,24401,13119,92108
ZCTA5 92109,44456,22218,92109
ZCTA5 92110,31186,12377,92110
ZCTA5 92111,45888,17041,92111
ZCTA5 92113,49047,13575,92113
ZCTA5 92114,64820,18210,92114
ZCTA5 92115,64011,21728,92115
ZCTA5 92116,31484,16583,92116
ZCTA5 92117,52645,20773,92117
ZCTA5 92118,18495,6989,92118
ZCTA5 92119,24868,9464,92119
ZCTA5 92120,31797,12357,92120
ZCTA5 92121,4157,1647,92121
ZCTA5 92122,45437,19706,92122
ZCTA5 92123,32999,12364,92123
ZCTA5 92124,31032,11475,92124
ZCTA5 92126,77239,25230,92126
ZCTA5 92127,50711,16026,92127
ZCTA5 92128,48492,20306,92128
ZCTA5 92129,53080,18425,92129
ZCTA5 92130,59768,21546,92130
ZCTA5 92131,35831,12873,92131
ZCTA5 92132,0,0,92132
ZCTA5 92134,295,16,92134
ZCTA5 92135,1013,0,92135
ZCTA5 92136,8774,16,92136
ZCTA5 92139,34780,10031,92139
ZCTA5 92140,2490,0,92140
ZCTA5 92145,2583,0,92145
ZCTA5 92147,172,0,92147
ZCTA5 92154,82832,22987,92154
ZCTA5 92155,141,0,92155
ZCTA5 92161,24,0,92161
ZCTA5 92173,26507,7735,92173
ZCTA5 92179,3034,0,92179
ZCTA5 92182,0,0,92182
ZCTA5 92201,66364,22617,92201
ZCTA5 92203,33381,11740,92203
ZCTA5 92210,4830,2457,92210
ZCTA5 92211,27375,13473,92211
ZCTA5 92220,33428,12194,92220
ZCTA5 92222,0,0,92222
ZCTA5 92223,62797,20011,92223
ZCTA5 92225,21101,5492,92225
ZCTA5 92227,28147,8109,92227
ZCTA5 92230,2105,702,92230
ZCTA5 92231,38547,9933,92231
ZCTA5 92233,6837,1178,92233
ZCTA5 92234,52047,19157,92234
ZCTA5 92236,42884,12438,92236
ZCTA5 92239,167,64,92239
ZCTA5 92240,40918,14104,92240
ZCTA5 92241,8624,3846,92241
ZCTA5 92242,1203,675,92242
ZCTA5 92243,48556,13981,92243
ZCTA5 92249,7308,1667,92249
ZCTA5 92250,7854,2141,92250
ZCTA5 92251,27197,6797,92251
ZCTA5 92252,7916,3350,92252
ZCTA5 92253,38281,15735,92253
ZCTA5 92254,10779,3219,92254
ZCTA5 92256,3907,1695,92256
ZCTA5 92257,2185,698,92257
ZCTA5 92258,508,177,92258
ZCTA5 92259,237,157,92259
ZCTA5 92260,30751,14525,92260
ZCTA5 92262,26064,13213,92262
ZCTA5 92264,20250,11480,92264
ZCTA5 92266,152,102,92266
ZCTA5 92267,0,0,92267
ZCTA5 92268,315,167,92268
ZCTA5 92270,17375,8686,92270
ZCTA5 92273,1551,428,92273
ZCTA5 92274,17909,5796,92274
ZCTA5 92275,1410,536,92275
ZCTA5 92276,7662,2700,92276
ZCTA5 92277,27742,10893,92277
ZCTA5 92278,3839,0,92278
ZCTA5 92280,0,0,92280
ZCTA5 92281,1904,498,92281
ZCTA5 92282,1494,515,92282
ZCTA5 92283,1795,589,92283
ZCTA5 92284,25782,10579,92284
ZCTA5 92285,2914,1126,92285
ZCTA5 92301,38651,9413,92301
ZCTA5 92304,0,0,92304
ZCTA5 92305,371,129,92305
ZCTA5 92307,40666,13313,92307
ZCTA5 92308,42402,14028,92308
ZCTA5 92309,490,202,92309
ZCTA5 92310,8791,2828,92310
ZCTA5 92311,33982,12279,92311
ZCTA5 92313,13069,4543,92313
ZCTA5 92314,10410,4365,92314
ZCTA5 92315,5215,2321,92315
ZCTA5 92316,31909,8011,92316
ZCTA5 92317,708,348,92317
ZCTA5 92320,10680,3877,92320
ZCTA5 92321,828,371,92321
ZCTA5 92322,605,266,92322
ZCTA5 92324,57049,18210,92324
ZCTA5 92325,9689,3732,92325
ZCTA5 92327,706,378,92327
ZCTA5 92328,872,405,92328
ZCTA5 92332,106,26,92332
ZCTA5 92333,403,206,92333
ZCTA5 92335,95295,25070,92335
ZCTA5 92336,103393,28225,92336
ZCTA5 92337,36944,9494,92337
ZCTA5 92338,0,0,92338
ZCTA5 92339,1277,536,92339
ZCTA5 92341,299,133,92341
ZCTA5 92342,6677,2545,92342
ZCTA5 92344,20671,5942,92344
ZCTA5 92345,87906,26086,92345
ZCTA5 92346,56956,17510,92346
ZCTA5 92347,630,257,92347
ZCTA5 92350,394,13,92350
ZCTA5 92352,6496,2517,92352
ZCTA5 92354,23076,8199,92354
ZCTA5 92356,6665,2404,92356
ZCTA5 92358,712,301,92358
ZCTA5 92359,9394,3330,92359
ZCTA5 92363,5392,2319,92363
ZCTA5 92364,15,15,92364
ZCTA5 92365,2514,936,92365
ZCTA5 92368,925,284,92368
ZCTA5 92369,3305,0,92369
ZCTA5 92371,21678,6278,92371
ZCTA5 92372,4854,1729,92372
ZCTA5 92373,34816,13384,92373
ZCTA5 92374,44287,14443,92374
ZCTA5 92376,84161,21819,92376
ZCTA5 92377,21685,5497,92377
ZCTA5 92378,445,197,92378
ZCTA5 92382,5301,2159,92382
ZCTA5 92384,18,10,92384
ZCTA5 92385,186,114,92385
ZCTA5 92386,2037,906,92386
ZCTA5 92389,169,98,92389
ZCTA5 92391,2192,955,92391
ZCTA5 92392,64352,17104,92392
ZCTA5 92394,39230,9856,92394
ZCTA5 92395,49323,15583,92395
ZCTA5 92397,5699,2619,92397
ZCTA5 92398,1657,655,92398
ZCTA5 92399,55029,18274,92399
ZCTA5 92401,2283,734,92401
ZCTA5 92404,63067,18702,92404
ZCTA5 92405,31207,9382,92405
ZCTA5 92407,69191,18346,92407
ZCTA5 92408,13880,4093,92408
ZCTA5 92410,48286,13379,92410
ZCTA5 92411,27157,6650,92411
ZCTA5 92415,0,0,92415
ZCTA5 92501,22079,6912,92501
ZCTA5 92503,88242,24727,92503
ZCTA5 92504,57085,16108,92504
ZCTA5 92505,53063,14538,92505
ZCTA5 92506,44311,14891,92506
ZCTA5 92507,61920,18314,92507
ZCTA5 92508,36777,10251,92508
ZCTA5 92509,80149,20138,92509
ZCTA5 92518,1236,552,92518
ZCTA5 92521,0,0,92521
ZCTA5 92530,60877,17430,92530
ZCTA5 92532,27268,7933,92532
ZCTA5 92536,2749,1085,92536
ZCTA5 92539,3480,1258,92539
ZCTA5 92543,39878,13939,92543
ZCTA5 92544,51694,16300,92544
ZCTA5 92545,45771,16457,92545
ZCTA5 92548,6435,2100,92548
ZCTA5 92549,3823,1648,92549
ZCTA5 92551,36190,8348,92551
ZCTA5 92553,73189,19504,92553
ZCTA5 92555,45751,11864,92555
ZCTA5 92557,55749,15272,92557
ZCTA5 92561,1891,803,92561
ZCTA5 92562,65116,21365,92562
ZCTA5 92563,77860,22989,92563
ZCTA5 92567,10697,2825,92567
ZCTA5 92570,57336,14289,92570
ZCTA5 92571,60153,14286,92571
ZCTA5 92582,22732,5555,92582
ZCTA5 92583,33685,9682,92583
ZCTA5 92584,57551,17356,92584
ZCTA5 92585,29500,8190,92585
ZCTA5 92586,19391,9177,92586
ZCTA5 92587,18382,6119,92587
ZCTA5 92590,5108,1949,92590
ZCTA5 92591,41673,13891,92591
ZCTA5 92592,80933,24914,92592
ZCTA5 92595,34505,9891,92595
ZCTA5 92596,36725,9646,92596
ZCTA5 92602,27358,9495,92602
ZCTA5 92603,19264,7379,92603
ZCTA5 92604,27750,10037,92604
ZCTA5 92606,24499,8925,92606
ZCTA5 92610,13182,4605,92610
ZCTA5 92612,33706,14328,92612
ZCTA5 92614,29617,12018,92614
ZCTA5 92617,22172,4296,92617
ZCTA5 92618,62296,24179,92618
ZCTA5 92620,61744,21322,92620
ZCTA5 92624,6685,2736,92624
ZCTA5 92625,12328,5604,92625
ZCTA5 92626,50569,19484,92626
ZCTA5 92627,60751,22389,92627
ZCTA5 92629,26198,11216,92629
ZCTA5 92630,66461,23242,92630
ZCTA5 92637,17342,11797,92637
ZCTA5 92646,55814,21419,92646
ZCTA5 92647,58794,21315,92647
ZCTA5 92648,45521,20023,92648
ZCTA5 92649,35504,14545,92649
ZCTA5 92651,23477,11141,92651
ZCTA5 92653,29596,10685,92653
ZCTA5 92655,8101,2557,92655
ZCTA5 92656,52645,20226,92656
ZCTA5 92657,10224,3810,92657
ZCTA5 92660,34788,15496,92660
ZCTA5 92661,3095,1645,92661
ZCTA5 92662,2285,1196,92662
ZCTA5 92663,21584,10352,92663
ZCTA5 92672,37470,15293,92672
ZCTA5 92673,29828,9569,92673
ZCTA5 92675,34998,12095,92675
ZCTA5 92676,1967,732,92676
ZCTA5 92677,64023,25486,92677
ZCTA5 92678,668,235,92678
ZCTA5 92679,30966,10521,92679
ZCTA5 92683,90140,27858,92683
ZCTA5 92688,43937,15958,92688
ZCTA5 92691,46618,16172,92691
ZCTA5 92692,46568,17063,92692
ZCTA5 92694,35019,11805,92694
ZCTA5 92697,0,0,92697
ZCTA5 92701,48272,12908,92701
ZCTA5 92703,62223,14355,92703
ZCTA5 92704,80408,20281,92704
ZCTA5 92705,48680,15997,92705
ZCTA5 92706,37191,10195,92706
ZCTA5 92707,59213,14198,92707
ZCTA5 92708,56358,18840,92708
ZCTA5 92780,54495,17397,92780
ZCTA5 92782,29947,11227,92782
ZCTA5 92801,61218,18783,92801
ZCTA5 92802,43698,12156,92802
ZCTA5 92804,83435,24644,92804
ZCTA5 92805,74336,21718,92805
ZCTA5 92806,40528,12545,92806
ZCTA5 92807,37270,12640,92807
ZCTA5 92808,20829,7628,92808
ZCTA5 92821,42196,14784,92821
ZCTA5 92823,5141,1782,92823
ZCTA5 92831,35831,12823,92831
ZCTA5 92832,26364,8546,92832
ZCTA5 92833,52038,16568,92833
ZCTA5 92835,26753,9387,92835
ZCTA5 92840,54475,15891,92840
ZCTA5 92841,33514,9619,92841
ZCTA5 92843,46553,11630,92843
ZCTA5 92844,22719,6910,92844
ZCTA5 92845,15484,5481,92845
ZCTA5 92860,25268,6803,92860
ZCTA5 92861,5776,1895,92861
ZCTA5 92865,20897,6999,92865
ZCTA5 92866,14776,5591,92866
ZCTA5 92867,44003,13317,92867
ZCTA5 92868,27390,8585,92868
ZCTA5 92869,36684,11647,92869
ZCTA5 92870,52384,16979,92870
ZCTA5 92879,48756,14427,92879
ZCTA5 92880,75453,20092,92880
ZCTA5 92881,29986,9043,92881
ZCTA5 92882,69385,20168,92882
ZCTA5 92883,39071,12405,92883
ZCTA5 92886,49919,16688,92886
ZCTA5 92887,19985,6967,92887
ZCTA5 93001,31885,12932,93001
ZCTA5 93003,52511,19917,93003
ZCTA5 93004,31326,11281,93004
ZCTA5 93010,46715,16273,93010
ZCTA5 93012,36007,13658,93012
ZCTA5 93013,16348,6392,93013
ZCTA5 93015,18917,5813,93015
ZCTA5 93021,37702,11716,93021
ZCTA5 93022,5929,2136,93022
ZCTA5 93023,21559,8490,93023
ZCTA5 93030,58573,15190,93030
ZCTA5 93033,80482,16903,93033
ZCTA5 93035,26476,9398,93035
ZCTA5 93036,47938,14167,93036
ZCTA5 93040,1904,469,93040
ZCTA5 93041,23179,7889,93041
ZCTA5 93042,107,0,93042
ZCTA5 93043,549,0,93043
ZCTA5 93060,34640,10358,93060
ZCTA5 93063,56110,19770,93063
ZCTA5 93064,0,0,93064
ZCTA5 93065,72585,25632,93065
ZCTA5 93066,2979,1065,93066
ZCTA5 93067,993,398,93067
ZCTA5 93101,30496,12758,93101
ZCTA5 93103,19803,7621,93103
ZCTA5 93105,25055,10588,93105
ZCTA5 93106,5613,38,93106
ZCTA5 93108,11664,4724,93108
ZCTA5 93109,11069,4567,93109
ZCTA5 93110,16385,6515,93110
ZCTA5 93111,18234,6346,93111
ZCTA5 93117,52225,16964,93117
ZCTA5 93201,1146,271,93201
ZCTA5 93202,4014,946,93202
ZCTA5 93203,20571,4768,93203
ZCTA5 93204,13441,2949,93204
ZCTA5 93205,2191,839,93205
ZCTA5 93206,1953,551,93206
ZCTA5 93207,247,81,93207
ZCTA5 93208,175,148,93208
ZCTA5 93210,18975,4656,93210
ZCTA5 93212,23407,4607,93212
ZCTA5 93215,53627,12681,93215
ZCTA5 93218,779,155,93218
ZCTA5 93219,9708,2298,93219
ZCTA5 93220,0,0,93220
ZCTA5 93221,14399,4719,93221
ZCTA5 93222,2538,1211,93222
ZCTA5 93223,10359,2644,93223
ZCTA5 93224,430,144,93224
ZCTA5 93225,4532,2007,93225
ZCTA5 93226,64,33,93226
ZCTA5 93227,177,59,93227
ZCTA5 93230,69130,21947,93230
ZCTA5 93234,6477,1637,93234
ZCTA5 93235,4408,1207,93235
ZCTA5 93237,89,68,93237
ZCTA5 93238,726,447,93238
ZCTA5 93239,1349,511,93239
ZCTA5 93240,5622,2606,93240
ZCTA5 93241,15571,4401,93241
ZCTA5 93242,2611,912,93242
ZCTA5 93243,900,456,93243
ZCTA5 93244,123,60,93244
ZCTA5 93245,37443,12037,93245
ZCTA5 93246,1024,0,93246
ZCTA5 93247,17967,5347,93247
ZCTA5 93249,2164,541,93249
ZCTA5 93250,15451,3798,93250
ZCTA5 93251,280,73,93251
ZCTA5 93252,1429,559,93252
ZCTA5 93254,794,335,93254
ZCTA5 93255,739,383,93255
ZCTA5 93256,5900,1350,93256
ZCTA5 93257,79340,23743,93257
ZCTA5 93258,1241,338,93258
ZCTA5 93260,151,60,93260
ZCTA5 93261,2197,522,93261
ZCTA5 93262,15,0,93262
ZCTA5 93263,23423,6195,93263
ZCTA5 93265,3532,1287,93265
ZCTA5 93266,1672,358,93266
ZCTA5 93267,5879,1506,93267
ZCTA5 93268,16956,5724,93268
ZCTA5 93270,5703,1604,93270
ZCTA5 93271,2218,1106,93271
ZCTA5 93272,4359,1073,93272
ZCTA5 93274,79154,23127,93274
ZCTA5 93276,175,60,93276
ZCTA5 93277,53406,18347,93277
ZCTA5 93280,27266,6299,93280
ZCTA5 93283,2129,992,93283
ZCTA5 93285,2415,1357,93285
ZCTA5 93286,10516,2987,93286
ZCTA5 93287,134,60,93287
ZCTA5 93291,63049,19017,93291
ZCTA5 93292,45523,14331,93292
ZCTA5 93301,14026,5730,93301
ZCTA5 93304,51457,15599,93304
ZCTA5 93305,36998,11224,93305
ZCTA5 93306,73370,22238,93306
ZCTA5 93307,88233,23128,93307
ZCTA5 93308,55788,20073,93308
ZCTA5 93309,63989,22286,93309
ZCTA5 93311,52505,16778,93311
ZCTA5 93312,58265,18382,93312
ZCTA5 93313,60331,16615,93313
ZCTA5 93314,34997,10980,93314
ZCTA5 93401,29995,13460,93401
ZCTA5 93402,15085,6232,93402
ZCTA5 93405,23856,8558,93405
ZCTA5 93407,348,16,93407
ZCTA5 93408,8,0,93408
ZCTA5 93409,2687,0,93409
ZCTA5 93410,7038,0,93410
ZCTA5 93420,32016,12642,93420
ZCTA5 93422,33512,13106,93422
ZCTA5 93424,1026,514,93424
ZCTA5 93426,1509,547,93426
ZCTA5 93427,5866,2267,93427
ZCTA5 93428,6269,2912,93428
ZCTA5 93429,129,87,93429
ZCTA5 93430,3257,1590,93430
ZCTA5 93432,1229,464,93432
ZCTA5 93433,12684,4973,93433
ZCTA5 93434,8451,2153,93434
ZCTA5 93436,55834,18135,93436
ZCTA5 93437,3688,1179,93437
ZCTA5 93440,896,491,93440
ZCTA5 93441,990,405,93441
ZCTA5 93442,11336,5227,93442
ZCTA5 93444,21495,7671,93444
ZCTA5 93445,6812,2912,93445
ZCTA5 93446,45859,17423,93446
ZCTA5 93449,8024,4112,93449
ZCTA5 93450,740,171,93450
ZCTA5 93451,5007,1554,93451
ZCTA5 93452,301,173,93452
ZCTA5 93453,2003,1027,93453
ZCTA5 93454,41710,11928,93454
ZCTA5 93455,44350,15469,93455
ZCTA5 93458,59126,13961,93458
ZCTA5 93460,6425,2397,93460
ZCTA5 93461,1353,443,93461
ZCTA5 93463,8099,3376,93463
ZCTA5 93465,10248,3891,93465
ZCTA5 93501,5944,2153,93501
ZCTA5 93505,14767,4647,93505
ZCTA5 93510,7562,2524,93510
ZCTA5 93512,297,175,93512
ZCTA5 93513,1525,681,93513
ZCTA5 93514,14961,6022,93514
ZCTA5 93516,2742,1022,93516
ZCTA5 93517,513,164,93517
ZCTA5 93518,1115,458,93518
ZCTA5 93519,0,0,93519
ZCTA5 93522,74,29,93522
ZCTA5 93523,3681,1296,93523
ZCTA5 93524,63,0,93524
ZCTA5 93526,912,361,93526
ZCTA5 93527,1801,808,93527
ZCTA5 93528,77,26,93528
ZCTA5 93529,209,103,93529
ZCTA5 93530,21,21,93530
ZCTA5 93531,497,215,93531
ZCTA5 93532,2762,1019,93532
ZCTA5 93534,42290,14997,93534
ZCTA5 93535,80478,22708,93535
ZCTA5 93536,72013,22930,93536
ZCTA5 93541,889,313,93541
ZCTA5 93543,12217,3551,93543
ZCTA5 93544,1201,452,93544
ZCTA5 93545,1394,671,93545
ZCTA5 93546,8803,3838,93546
ZCTA5 93549,244,137,93549
ZCTA5 93550,79929,22832,93550
ZCTA5 93551,54956,16997,93551
ZCTA5 93552,43903,11009,93552
ZCTA5 93553,1349,601,93553
ZCTA5 93554,102,52,93554
ZCTA5 93555,33629,13073,93555
ZCTA5 93558,0,0,93558
ZCTA5 93560,21537,6825,93560
ZCTA5 93561,31179,12284,93561
ZCTA5 93562,1822,683,93562
ZCTA5 93563,218,41,93563
ZCTA5 93581,3447,0,93581
ZCTA5 93591,7531,1954,93591
ZCTA5 93601,1248,568,93601
ZCTA5 93602,3091,1110,93602
ZCTA5 93603,177,106,93603
ZCTA5 93604,518,171,93604
ZCTA5 93605,83,31,93605
ZCTA5 93606,1031,261,93606
ZCTA5 93608,879,253,93608
ZCTA5 93609,5071,1328,93609
ZCTA5 93610,24088,5639,93610
ZCTA5 93611,46631,15534,93611
ZCTA5 93612,37790,13948,93612
ZCTA5 93614,11144,4197,93614
ZCTA5 93615,5665,1429,93615
ZCTA5 93616,2173,598,93616
ZCTA5 93618,32223,8604,93618
ZCTA5 93619,53381,16353,93619
ZCTA5 93620,10173,3376,93620
ZCTA5 93621,345,140,93621
ZCTA5 93622,9683,2839,93622
ZCTA5 93623,4,0,93623
ZCTA5 93624,764,186,93624
ZCTA5 93625,8889,2841,93625
ZCTA5 93626,3039,1132,93626
ZCTA5 93627,295,70,93627
ZCTA5 93628,397,218,93628
ZCTA5 93630,21352,6044,93630
ZCTA5 93631,16656,5804,93631
ZCTA5 93633,32,32,93633
ZCTA5 93634,25,0,93634
ZCTA5 93635,49232,14164,93635
ZCTA5 93636,14777,4404,93636
ZCTA5 93637,42278,12047,93637
ZCTA5 93638,51502,12116,93638
ZCTA5 93640,14507,3416,93640
ZCTA5 93641,271,116,93641
ZCTA5 93643,2778,1213,93643
ZCTA5 93644,6490,2773,93644
ZCTA5 93645,1082,293,93645
ZCTA5 93646,10047,2594,93646
ZCTA5 93647,11370,2842,93647
ZCTA5 93648,15108,3781,93648
ZCTA5 93650,2969,1022,93650
ZCTA5 93651,1441,545,93651
ZCTA5 93652,314,107,93652
ZCTA5 93653,1314,516,93653
ZCTA5 93654,31905,9097,93654
ZCTA5 93656,6224,1592,93656
ZCTA5 93657,36536,10693,93657
ZCTA5 93660,4062,978,93660
ZCTA5 93662,29499,9187,93662
ZCTA5 93664,328,179,93664
ZCTA5 93665,422,128,93665
ZCTA5 93666,696,172,93666
ZCTA5 93667,2118,840,93667
ZCTA5 93668,806,275,93668
ZCTA5 93669,297,60,93669
ZCTA5 93670,106,35,93670
ZCTA5 93673,354,105,93673
ZCTA5 93675,3739,1207,93675
ZCTA5 93701,10258,3525,93701
ZCTA5 93702,45241,12789,93702
ZCTA5 93703,34166,10504,93703
ZCTA5 93704,29172,11632,93704
ZCTA5 93705,37940,12795,93705
ZCTA5 93706,40635,11624,93706
ZCTA5 93710,32579,12111,93710
ZCTA5 93711,39360,16133,93711
ZCTA5 93720,49463,18758,93720
ZCTA5 93721,7606,2410,93721
ZCTA5 93722,84500,26717,93722
ZCTA5 93723,14158,3693,93723
ZCTA5 93725,25520,6672,93725
ZCTA5 93726,44766,15054,93726
ZCTA5 93727,83630,24660,93727
ZCTA5 93728,18077,6462,93728
ZCTA5 93730,13021,4852,93730
ZCTA5 93737,6360,2011,93737
ZCTA5 93740,1166,0,93740
ZCTA5 93741,69,67,93741
ZCTA5 93901,29480,10756,93901
ZCTA5 93905,64596,14056,93905
ZCTA5 93906,64592,17964,93906
ZCTA5 93907,24922,7234,93907
ZCTA5 93908,12517,4365,93908
ZCTA5 93920,1564,517,93920
ZCTA5 93921,2459,1455,93921
ZCTA5 93923,12377,5478,93923
ZCTA5 93924,6046,2627,93924
ZCTA5 93925,1320,342,93925
ZCTA5 93926,8998,2399,93926
ZCTA5 93927,21131,4737,93927
ZCTA5 93928,1084,0,93928
ZCTA5 93930,17124,4383,93930
ZCTA5 93932,431,189,93932
ZCTA5 93933,27617,9772,93933
ZCTA5 93940,30951,13948,93940
ZCTA5 93943,11,5,93943
ZCTA5 93944,2719,6,93944
ZCTA5 93950,15003,6988,93950
ZCTA5 93953,3576,1674,93953
ZCTA5 93954,269,75,93954
ZCTA5 93955,32253,10482,93955
ZCTA5 93960,25736,4849,93960
ZCTA5 93962,189,110,93962
ZCTA5 94002,27730,10608,94002
ZCTA5 94005,4718,1867,94005
ZCTA5 94010,42794,16252,94010
ZCTA5 94014,46269,14107,94014
ZCTA5 94015,64121,20514,94015
ZCTA5 94018,3404,1390,94018
ZCTA5 94019,14754,5299,94019
ZCTA5 94020,1745,762,94020
ZCTA5 94021,332,148,94021
ZCTA5 94022,19993,7268,94022
ZCTA5 94024,23673,8016,94024
ZCTA5 94025,40230,14318,94025
ZCTA5 94027,7030,2275,94027
ZCTA5 94028,6645,2625,94028
ZCTA5 94030,22589,7998,94030
ZCTA5 94037,2897,1061,94037
ZCTA5 94038,3016,988,94038
ZCTA5 94040,35581,15347,94040
ZCTA5 94041,15841,6652,94041
ZCTA5 94043,32042,13257,94043
ZCTA5 94044,37540,13982,94044
ZCTA5 94060,1389,358,94060
ZCTA5 94061,37369,13144,94061
ZCTA5 94062,25944,9740,94062
ZCTA5 94063,34695,11291,94063
ZCTA5 94065,11620,4617,94065
ZCTA5 94066,42875,15463,94066
ZCTA5 94070,30696,11331,94070
ZCTA5 94074,92,39,94074
ZCTA5 94080,65036,22033,94080
ZCTA5 94085,23159,9112,94085
ZCTA5 94086,48956,20166,94086
ZCTA5 94087,58126,20384,94087
ZCTA5 94089,23214,9129,94089
ZCTA5 94102,34983,19543,94102
ZCTA5 94103,33524,17352,94103
ZCTA5 94104,478,263,94104
ZCTA5 94105,14890,8316,94105
ZCTA5 94107,30190,15761,94107
ZCTA5 94108,11008,6326,94108
ZCTA5 94109,54397,31899,94109
ZCTA5 94110,66687,26984,94110
ZCTA5 94111,4553,2471,94111
ZCTA5 94112,80133,23274,94112
ZCTA5 94114,33627,16804,94114
ZCTA5 94115,32715,16725,94115
ZCTA5 94116,42523,15355,94116
ZCTA5 94117,37575,17558,94117
ZCTA5 94118,39275,16995,94118
ZCTA5 94121,42987,18175,94121
ZCTA5 94122,57369,22375,94122
ZCTA5 94123,24518,12510,94123
ZCTA5 94124,36226,10982,94124
ZCTA5 94127,20710,7466,94127
ZCTA5 94128,0,0,94128
ZCTA5 94129,3808,1338,94129
ZCTA5 94130,2829,617,94130
ZCTA5 94131,27809,12469,94131
ZCTA5 94132,27406,10686,94132
ZCTA5 94133,24753,12954,94133
ZCTA5 94134,40142,12545,94134
ZCTA5 94158,11206,4907,94158
ZCTA5 94188,0,0,94188
ZCTA5 94301,17126,7080,94301
ZCTA5 94303,47123,14485,94303
ZCTA5 94304,4731,2117,94304
ZCTA5 94305,17912,3689,94305
ZCTA5 94306,27527,10794,94306
ZCTA5 94401,35628,13086,94401
ZCTA5 94402,25498,9944,94402
ZCTA5 94403,43459,16372,94403
ZCTA5 94404,35950,14583,94404
ZCTA5 94501,63517,25028,94501
ZCTA5 94502,13359,4782,94502
ZCTA5 94503,21852,5971,94503
ZCTA5 94505,15316,5522,94505
ZCTA5 94506,27261,9294,94506
ZCTA5 94507,14546,5181,94507
ZCTA5 94508,3298,967,94508
ZCTA5 94509,71013,23431,94509
ZCTA5 94510,26879,10925,94510
ZCTA5 94511,2144,900,94511
ZCTA5 94512,134,89,94512
ZCTA5 94513,68160,21933,94513
ZCTA5 94514,2044,581,94514
ZCTA5 94515,6921,2671,94515
ZCTA5 94516,208,73,94516
ZCTA5 94517,12164,4425,94517
ZCTA5 94518,27743,10217,94518
ZCTA5 94519,19918,7098,94519
ZCTA5 94520,36767,13287,94520
ZCTA5 94521,41118,15607,94521
ZCTA5 94523,34789,13817,94523
ZCTA5 94525,3665,1703,94525
ZCTA5 94526,33085,11942,94526
ZCTA5 94528,1000,371,94528
ZCTA5 94530,26229,10923,94530
ZCTA5 94531,44746,13611,94531
ZCTA5 94533,78537,24645,94533
ZCTA5 94534,41122,13738,94534
ZCTA5 94535,3863,1000,94535
ZCTA5 94536,70707,25211,94536
ZCTA5 94538,67704,23149,94538
ZCTA5 94539,52609,16876,94539
ZCTA5 94541,67785,21801,94541
ZCTA5 94542,14729,4866,94542
ZCTA5 94544,76739,22920,94544
ZCTA5 94545,33186,10097,94545
ZCTA5 94546,45848,15918,94546
ZCTA5 94547,26245,9319,94547
ZCTA5 94548,637,196,94548
ZCTA5 94549,28247,10291,94549
ZCTA5 94550,49610,17524,94550
ZCTA5 94551,38739,14199,94551
ZCTA5 94552,14359,5016,94552
ZCTA5 94553,48600,19134,94553
ZCTA5 94555,37500,11784,94555
ZCTA5 94556,15922,5682,94556
ZCTA5 94558,64552,24501,94558
ZCTA5 94559,27828,10560,94559
ZCTA5 94560,47145,15184,94560
ZCTA5 94561,45386,13903,94561
ZCTA5 94562,0,0,94562
ZCTA5 94563,19409,7349,94563
ZCTA5 94564,18835,6882,94564
ZCTA5 94565,99933,30268,94565
ZCTA5 94566,44782,15923,94566
ZCTA5 94567,673,231,94567
ZCTA5 94568,70542,23811,94568
ZCTA5 94569,194,144,94569
ZCTA5 94571,10973,5440,94571
ZCTA5 94572,8712,2958,94572
ZCTA5 94573,81,43,94573
ZCTA5 94574,7646,3293,94574
ZCTA5 94575,1005,0,94575
ZCTA5 94576,130,64,94576
ZCTA5 94577,47533,16870,94577
ZCTA5 94578,41567,14060,94578
ZCTA5 94579,19955,6692,94579
ZCTA5 94580,28866,8782,94580
ZCTA5 94582,47182,16166,94582
ZCTA5 94583,39418,13776,94583
ZCTA5 94585,29290,9585,94585
ZCTA5 94586,1011,337,94586
ZCTA5 94587,68141,21202,94587
ZCTA5 94588,34423,12182,94588
ZCTA5 94589,30199,9451,94589
ZCTA5 94590,37401,15210,94590
ZCTA5 94591,58516,19711,94591
ZCTA5 94592,922,441,94592
ZCTA5 94595,17051,9341,94595
ZCTA5 94596,23592,10801,94596
ZCTA5 94597,24235,10731,94597
ZCTA5 94598,26293,10493,94598
ZCTA5 94599,3388,1507,94599
ZCTA5 94601,52289,16447,94601
ZCTA5 94602,31450,12287,94602
ZCTA5 94603,36440,10598,94603
ZCTA5 94605,44168,16739,94605
ZCTA5 94606,38746,15883,94606
ZCTA5 94607,27891,12697,94607
ZCTA5 94608,33998,16211,94608
ZCTA5 94609,24854,10998,94609
ZCTA5 94610,32675,16115,94610
ZCTA5 94611,39240,17840,94611
ZCTA5 94612,17663,10164,94612
ZCTA5 94613,529,0,94613
ZCTA5 94618,16845,7341,94618
ZCTA5 94619,28044,9875,94619
ZCTA5 94621,34658,10494,94621
ZCTA5 94702,17073,7419,94702
ZCTA5 94703,20874,8732,94703
ZCTA5 94704,24427,8262,94704
ZCTA5 94705,14149,5823,94705
ZCTA5 94706,20486,8031,94706
ZCTA5 94707,12728,5188,94707
ZCTA5 94708,11967,4754,94708
ZCTA5 94709,12179,5310,94709
ZCTA5 94710,8144,3744,94710
ZCTA5 94720,5649,195,94720
ZCTA5 94801,33564,10421,94801
ZCTA5 94803,27588,9500,94803
ZCTA5 94804,44679,16080,94804
ZCTA5 94805,15356,5727,94805
ZCTA5 94806,61749,20304,94806
ZCTA5 94901,41095,15663,94901
ZCTA5 94903,31135,12226,94903
ZCTA5 94904,13043,5651,94904
ZCTA5 94920,12682,4942,94920
ZCTA5 94922,312,55,94922
ZCTA5 94923,1457,684,94923
ZCTA5 94924,1217,551,94924
ZCTA5 94925,10101,4037,94925
ZCTA5 94928,46463,16841,94928
ZCTA5 94929,224,129,94929
ZCTA5 94930,8564,3544,94930
ZCTA5 94931,9320,4119,94931
ZCTA5 94933,1255,585,94933
ZCTA5 94937,916,565,94937
ZCTA5 94938,540,246,94938
ZCTA5 94939,7372,3431,94939
ZCTA5 94940,275,123,94940
ZCTA5 94941,32349,12534,94941
ZCTA5 94945,17280,7093,94945
ZCTA5 94946,727,288,94946
ZCTA5 94947,24360,8938,94947
ZCTA5 94949,18357,7226,94949
ZCTA5 94950,29,18,94950
ZCTA5 94951,3628,1472,94951
ZCTA5 94952,33339,13990,94952
ZCTA5 94954,38000,14886,94954
ZCTA5 94956,1158,678,94956
ZCTA5 94957,2151,709,94957
ZCTA5 94960,15891,6192,94960
ZCTA5 94963,562,195,94963
ZCTA5 94964,2115,110,94964
ZCTA5 94965,12160,6253,94965
ZCTA5 94970,372,187,94970
ZCTA5 94971,315,92,94971
ZCTA5 94972,153,41,94972
ZCTA5 94973,1652,652,94973
ZCTA5 95002,1639,545,95002
ZCTA5 95003,24708,9846,95003
ZCTA5 95004,3917,1291,95004
ZCTA5 95005,7150,2774,95005
ZCTA5 95006,8433,3323,95006
ZCTA5 95007,335,170,95007
ZCTA5 95008,48415,18700,95008
ZCTA5 95010,8697,4161,95010
ZCTA5 95012,11147,2480,95012
ZCTA5 95013,42,13,95013
ZCTA5 95014,61109,21960,95014
ZCTA5 95017,738,231,95017
ZCTA5 95018,6377,2784,95018
ZCTA5 95019,6235,1873,95019
ZCTA5 95020,67945,19621,95020
ZCTA5 95023,58374,17523,95023
ZCTA5 95030,12969,5201,95030
ZCTA5 95032,27682,10508,95032
ZCTA5 95033,9884,3869,95033
ZCTA5 95035,78479,24801,95035
ZCTA5 95037,51517,16512,95037
ZCTA5 95039,1279,374,95039
ZCTA5 95041,846,337,95041
ZCTA5 95043,673,230,95043
ZCTA5 95045,4291,1599,95045
ZCTA5 95046,6766,1947,95046
ZCTA5 95050,39827,15552,95050
ZCTA5 95051,61345,23571,95051
ZCTA5 95053,3153,45,95053
ZCTA5 95054,25196,9419,95054
ZCTA5 95060,46024,18280,95060
ZCTA5 95062,36047,15478,95062
ZCTA5 95064,9883,495,95064
ZCTA5 95065,8031,2952,95065
ZCTA5 95066,15369,6159,95066
ZCTA5 95070,31383,11124,95070
ZCTA5 95073,11487,4448,95073
ZCTA5 95075,575,174,95075
ZCTA5 95076,82409,24799,95076
ZCTA5 95110,19444,6740,95110
ZCTA5 95111,58885,15833,95111
ZCTA5 95112,56766,21264,95112
ZCTA5 95113,2443,1501,95113
ZCTA5 95116,48816,13455,95116
ZCTA5 95117,27798,10144,95117
ZCTA5 95118,31831,11329,95118
ZCTA5 95119,10449,3503,95119
ZCTA5 95120,38103,12583,95120
ZCTA5 95121,35722,9783,95121
ZCTA5 95122,52206,12017,95122
ZCTA5 95123,70279,24251,95123
ZCTA5 95124,51991,17523,95124
ZCTA5 95125,53934,20927,95125
ZCTA5 95126,38239,15920,95126
ZCTA5 95127,61091,15804,95127
ZCTA5 95128,33585,14070,95128
ZCTA5 95129,40896,14177,95129
ZCTA5 95130,13491,4745,95130
ZCTA5 95131,30745,9954,95131
ZCTA5 95132,39605,11913,95132
ZCTA5 95133,28561,8992,95133
ZCTA5 95134,30255,13761,95134
ZCTA5 95135,20503,7583,95135
ZCTA5 95136,47157,16058,95136
ZCTA5 95138,19513,5638,95138
ZCTA5 95139,7113,2172,95139
ZCTA5 95140,41,32,95140
ZCTA5 95148,45392,12111,95148
ZCTA5 95202,6426,3209,95202
ZCTA5 95203,16628,5395,95203
ZCTA5 95204,31028,11303,95204
ZCTA5 95205,39154,10636,95205
ZCTA5 95206,67501,17500,95206
ZCTA5 95207,52441,18952,95207
ZCTA5 95209,46567,13468,95209
ZCTA5 95210,42103,12129,95210
ZCTA5 95211,1190,0,95211
ZCTA5 95212,28013,7993,95212
ZCTA5 95215,26032,6741,95215
ZCTA5 95219,31200,11244,95219
ZCTA5 95220,7958,2676,95220
ZCTA5 95221,164,85,95221
ZCTA5 95222,5666,2187,95222
ZCTA5 95223,2934,1437,95223
ZCTA5 95224,265,124,95224
ZCTA5 95225,1224,376,95225
ZCTA5 95226,0,0,95226
ZCTA5 95227,1036,363,95227
ZCTA5 95228,4880,1810,95228
ZCTA5 95230,495,182,95230
ZCTA5 95231,4339,619,95231
ZCTA5 95232,151,51,95232
ZCTA5 95233,204,134,95233
ZCTA5 95236,4506,1690,95236
ZCTA5 95237,3753,1443,95237
ZCTA5 95240,50682,16145,95240
ZCTA5 95242,27860,10478,95242
ZCTA5 95245,3227,1314,95245
ZCTA5 95246,1701,544,95246
ZCTA5 95247,3682,1752,95247
ZCTA5 95248,66,15,95248
ZCTA5 95249,4696,1758,95249
ZCTA5 95251,684,372,95251
ZCTA5 95252,13851,4808,95252
ZCTA5 95253,526,136,95253
ZCTA5 95254,316,167,95254
ZCTA5 95255,1755,756,95255
ZCTA5 95257,427,164,95257
ZCTA5 95258,3868,1526,95258
ZCTA5 95301,42374,12961,95301
ZCTA5 95303,876,302,95303
ZCTA5 95304,14818,4668,95304
ZCTA5 95305,203,56,95305
ZCTA5 95306,869,387,95306
ZCTA5 95307,46209,12847,95307
ZCTA5 95309,0,0,95309
ZCTA5 95310,1783,767,95310
ZCTA5 95311,2282,1086,95311
ZCTA5 95312,193,64,95312
ZCTA5 95313,1114,405,95313
ZCTA5 95315,13006,3482,95315
ZCTA5 95316,7594,2508,95316
ZCTA5 95317,936,269,95317
ZCTA5 95318,572,322,95318
ZCTA5 95319,1580,495,95319
ZCTA5 95320,13511,4647,95320
ZCTA5 95321,3870,1623,95321
ZCTA5 95322,9013,3212,95322
ZCTA5 95323,1409,423,95323
ZCTA5 95324,7862,2475,95324
ZCTA5 95325,0,0,95325
ZCTA5 95326,10662,4014,95326
ZCTA5 95327,8799,2985,95327
ZCTA5 95328,3939,1162,95328
ZCTA5 95329,2339,1040,95329
ZCTA5 95330,33015,8567,95330
ZCTA5 95333,3203,786,95333
ZCTA5 95334,17198,4164,95334
ZCTA5 95335,82,82,95335
ZCTA5 95336,49357,15938,95336
ZCTA5 95337,46157,13639,95337
ZCTA5 95338,10164,4750,95338
ZCTA5 95340,38045,12614,95340
ZCTA5 95341,34956,9090,95341
ZCTA5 95345,318,216,95345
ZCTA5 95346,807,398,95346
ZCTA5 95348,36663,11213,95348
ZCTA5 95350,55984,19476,95350
ZCTA5 95351,47232,13040,95351
ZCTA5 95354,26587,9100,95354
ZCTA5 95355,60470,21368,95355
ZCTA5 95356,33025,11482,95356
ZCTA5 95357,14283,4297,95357
ZCTA5 95358,30994,8263,95358
ZCTA5 95360,13690,4132,95360
ZCTA5 95361,35024,12292,95361
ZCTA5 95363,30407,8127,95363
ZCTA5 95364,0,0,95364
ZCTA5 95365,4009,1205,95365
ZCTA5 95366,18440,6473,95366
ZCTA5 95367,25303,7435,95367
ZCTA5 95368,14457,4337,95368
ZCTA5 95369,802,336,95369
ZCTA5 95370,28373,12326,95370
ZCTA5 95372,1825,664,95372
ZCTA5 95374,1652,569,95374
ZCTA5 95375,65,63,95375
ZCTA5 95376,54853,16628,95376
ZCTA5 95377,36182,9612,95377
ZCTA5 95379,3821,1503,95379
ZCTA5 95380,43731,14875,95380
ZCTA5 95382,39320,13800,95382
ZCTA5 95383,3663,1655,95383
ZCTA5 95385,671,228,95385
ZCTA5 95386,10410,2908,95386
ZCTA5 95387,1187,268,95387
ZCTA5 95388,13005,3720,95388
ZCTA5 95389,2067,347,95389
ZCTA5 95391,25193,6630,95391
ZCTA5 95401,36842,13831,95401
ZCTA5 95403,45570,16567,95403
ZCTA5 95404,37317,15642,95404
ZCTA5 95405,22811,9419,95405
ZCTA5 95407,42135,13098,95407
ZCTA5 95409,25960,11693,95409
ZCTA5 95410,642,352,95410
ZCTA5 95412,227,110,95412
ZCTA5 95415,1296,374,95415
ZCTA5 95417,208,53,95417
ZCTA5 95419,160,113,95419
ZCTA5 95420,349,183,95420
ZCTA5 95421,1453,636,95421
ZCTA5 95422,17101,5845,95422
ZCTA5 95423,3432,1599,95423
ZCTA5 95425,11410,4515,95425
ZCTA5 95426,1265,610,95426
ZCTA5 95427,609,209,95427
ZCTA5 95428,2667,972,95428
ZCTA5 95429,108,78,95429
ZCTA5 95430,0,0,95430
ZCTA5 95431,47,0,95431
ZCTA5 95432,771,331,95432
ZCTA5 95435,340,81,95435
ZCTA5 95436,5999,2382,95436
ZCTA5 95437,15106,6337,95437
ZCTA5 95439,708,276,95439
ZCTA5 95441,1842,745,95441
ZCTA5 95442,2986,1421,95442
ZCTA5 95443,70,18,95443
ZCTA5 95444,748,240,95444
ZCTA5 95445,2102,861,95445
ZCTA5 95446,4808,2452,95446
ZCTA5 95448,15868,6495,95448
ZCTA5 95449,1828,593,95449
ZCTA5 95450,215,99,95450
ZCTA5 95451,12793,4982,95451
ZCTA5 95452,1388,559,95452
ZCTA5 95453,11888,4657,95453
ZCTA5 95454,1676,728,95454
ZCTA5 95456,965,437,95456
ZCTA5 95457,3036,1419,95457
ZCTA5 95458,3365,1457,95458
ZCTA5 95459,718,328,95459
ZCTA5 95460,2144,1062,95460
ZCTA5 95461,3720,1319,95461
ZCTA5 95462,1122,612,95462
ZCTA5 95463,14,7,95463
ZCTA5 95464,2417,997,95464
ZCTA5 95465,1154,525,95465
ZCTA5 95466,582,229,95466
ZCTA5 95467,5721,2143,95467
ZCTA5 95468,1992,689,95468
ZCTA5 95469,1503,618,95469
ZCTA5 95470,6122,2182,95470
ZCTA5 95471,604,351,95471
ZCTA5 95472,28588,11608,95472
ZCTA5 95476,35139,14996,95476
ZCTA5 95480,9,1,95480
ZCTA5 95482,33396,11734,95482
ZCTA5 95485,2900,1203,95485
ZCTA5 95486,15,15,95486
ZCTA5 95488,309,220,95488
ZCTA5 95490,14627,5578,95490
ZCTA5 95492,27455,9643,95492
ZCTA5 95493,91,34,95493
ZCTA5 95494,169,80,95494
ZCTA5 95497,1200,654,95497
ZCTA5 95501,22972,9502,95501
ZCTA5 95503,24442,9976,95503
ZCTA5 95511,77,47,95511
ZCTA5 95514,81,16,95514
ZCTA5 95519,18792,7550,95519
ZCTA5 95521,21684,8860,95521
ZCTA5 95524,1770,709,95524
ZCTA5 95525,1443,733,95525
ZCTA5 95526,887,283,95526
ZCTA5 95527,708,271,95527
ZCTA5 95528,1415,562,95528
ZCTA5 95531,22491,7691,95531
ZCTA5 95536,3360,1299,95536
ZCTA5 95537,512,105,95537
ZCTA5 95538,1065,414,95538
ZCTA5 95540,14641,5696,95540
ZCTA5 95542,2831,1227,95542
ZCTA5 95543,401,241,95543
ZCTA5 95545,335,75,95545
ZCTA5 95546,2436,755,95546
ZCTA5 95547,1144,457,95547
ZCTA5 95548,934,369,95548
ZCTA5 95549,1090,362,95549
ZCTA5 95550,206,90,95550
ZCTA5 95551,1870,657,95551
ZCTA5 95552,433,225,95552
ZCTA5 95553,734,355,95553
ZCTA5 95554,352,148,95554
ZCTA5 95555,349,137,95555
ZCTA5 95556,854,293,95556
ZCTA5 95558,244,132,95558
ZCTA5 95559,0,0,95559
ZCTA5 95560,1350,643,95560
ZCTA5 95562,3384,1383,95562
ZCTA5 95563,584,169,95563
ZCTA5 95564,477,197,95564
ZCTA5 95565,891,315,95565
ZCTA5 95567,2349,876,95567
ZCTA5 95568,201,34,95568
ZCTA5 95569,190,120,95569
ZCTA5 95570,2480,1092,95570
ZCTA5 95571,112,48,95571
ZCTA5 95573,990,563,95573
ZCTA5 95585,598,245,95585
ZCTA5 95587,0,0,95587
ZCTA5 95589,1467,646,95589
ZCTA5 95595,307,92,95595
ZCTA5 95601,358,180,95601
ZCTA5 95602,19248,7543,95602
ZCTA5 95603,28195,11871,95603
ZCTA5 95604,24,12,95604
ZCTA5 95605,14711,4846,95605
ZCTA5 95606,230,111,95606
ZCTA5 95607,271,104,95607
ZCTA5 95608,63052,25856,95608
ZCTA5 95610,46759,17625,95610
ZCTA5 95612,1519,451,95612
ZCTA5 95613,0,0,95613
ZCTA5 95614,4504,1701,95614
ZCTA5 95615,978,390,95615
ZCTA5 95616,51863,18356,95616
ZCTA5 95618,27007,10282,95618
ZCTA5 95619,6362,2557,95619
ZCTA5 95620,22367,7805,95620
ZCTA5 95621,41747,16631,95621
ZCTA5 95623,4725,1659,95623
ZCTA5 95624,68036,20257,95624
ZCTA5 95625,248,120,95625
ZCTA5 95626,4974,1728,95626
ZCTA5 95627,3935,1140,95627
ZCTA5 95628,43783,16896,95628
ZCTA5 95629,1047,491,95629
ZCTA5 95630,77952,29215,95630
ZCTA5 95631,6934,2728,95631
ZCTA5 95632,31889,10081,95632
ZCTA5 95633,2653,1160,95633
ZCTA5 95634,3792,1716,95634
ZCTA5 95635,1424,558,95635
ZCTA5 95636,1387,480,95636
ZCTA5 95637,374,177,95637
ZCTA5 95638,2295,843,95638
ZCTA5 95639,286,67,95639
ZCTA5 95640,12811,3934,95640
ZCTA5 95641,2086,890,95641
ZCTA5 95642,7350,3050,95642
ZCTA5 95645,1363,498,95645
ZCTA5 95646,406,115,95646
ZCTA5 95648,56597,21316,95648
ZCTA5 95650,13314,5085,95650
ZCTA5 95651,623,218,95651
ZCTA5 95652,1665,412,95652
ZCTA5 95653,682,229,95653
ZCTA5 95655,5029,1634,95655
ZCTA5 95658,6197,2332,95658
ZCTA5 95659,673,257,95659
ZCTA5 95660,35668,10840,95660
ZCTA5 95661,32599,13212,95661
ZCTA5 95662,31895,12339,95662
ZCTA5 95663,3126,1175,95663
ZCTA5 95664,1261,615,95664
ZCTA5 95665,4903,2098,95665
ZCTA5 95666,6089,2604,95666
ZCTA5 95667,36286,14489,95667
ZCTA5 95668,540,212,95668
ZCTA5 95669,2359,972,95669
ZCTA5 95670,59314,21936,95670
ZCTA5 95671,4188,19,95671
ZCTA5 95672,5630,1996,95672
ZCTA5 95673,16935,5255,95673
ZCTA5 95674,992,293,95674
ZCTA5 95675,345,84,95675
ZCTA5 95676,91,23,95676
ZCTA5 95677,28873,10838,95677
ZCTA5 95678,45744,17954,95678
ZCTA5 95679,113,52,95679
ZCTA5 95680,10,10,95680
ZCTA5 95681,1525,390,95681
ZCTA5 95682,29249,11544,95682
ZCTA5 95683,6128,2661,95683
ZCTA5 95684,2637,1356,95684
ZCTA5 95685,4611,2126,95685
ZCTA5 95686,1123,379,95686
ZCTA5 95687,69741,22991,95687
ZCTA5 95688,39216,14120,95688
ZCTA5 95689,1065,500,95689
ZCTA5 95690,1793,612,95690
ZCTA5 95691,39894,14284,95691
ZCTA5 95692,4966,1776,95692
ZCTA5 95693,7623,2356,95693
ZCTA5 95694,10156,3484,95694
ZCTA5 95695,38787,14439,95695
ZCTA5 95697,264,82,95697
ZCTA5 95698,255,154,95698
ZCTA5 95699,86,23,95699
ZCTA5 95701,1077,402,95701
ZCTA5 95703,2099,725,95703
ZCTA5 95709,5844,2435,95709
ZCTA5 95713,10471,3895,95713
ZCTA5 95714,383,164,95714
ZCTA5 95715,85,31,95715
ZCTA5 95717,111,51,95717
ZCTA5 95720,52,25,95720
ZCTA5 95721,0,0,95721
ZCTA5 95722,4439,1804,95722
ZCTA5 95726,8229,3446,95726
ZCTA5 95728,593,255,95728
ZCTA5 95735,54,23,95735
ZCTA5 95736,187,77,95736
ZCTA5 95742,16287,4788,95742
ZCTA5 95746,22549,7777,95746
ZCTA5 95747,78987,28590,95747
ZCTA5 95757,54535,15459,95757
ZCTA5 95758,65999,21995,95758
ZCTA5 95762,47262,16685,95762
ZCTA5 95765,43225,14604,95765
ZCTA5 95776,27189,8223,95776
ZCTA5 95811,8487,4831,95811
ZCTA5 95814,12355,6987,95814
ZCTA5 95815,26511,9737,95815
ZCTA5 95816,19079,11085,95816
ZCTA5 95817,14123,6666,95817
ZCTA5 95818,22798,10647,95818
ZCTA5 95819,20173,8332,95819
ZCTA5 95820,35359,13686,95820
ZCTA5 95821,38372,15662,95821
ZCTA5 95822,46269,16689,95822
ZCTA5 95823,83254,24569,95823
ZCTA5 95824,32432,9359,95824
ZCTA5 95825,37077,15833,95825
ZCTA5 95826,40500,15908,95826
ZCTA5 95827,21032,7588,95827
ZCTA5 95828,60532,18000,95828
ZCTA5 95829,31370,9296,95829
ZCTA5 95830,592,169,95830
ZCTA5 95831,44366,19344,95831
ZCTA5 95832,12973,3217,95832
ZCTA5 95833,40205,15544,95833
ZCTA5 95834,35062,12598,95834
ZCTA5 95835,41678,14912,95835
ZCTA5 95837,263,111,95837
ZCTA5 95838,40295,11951,95838
ZCTA5 95841,21232,8335,95841
ZCTA5 95842,35031,11902,95842
ZCTA5 95843,48321,15105,95843
ZCTA5 95864,25137,9875,95864
ZCTA5 95901,36807,13060,95901
ZCTA5 95903,2072,591,95903
ZCTA5 95910,35,18,95910
ZCTA5 95912,5048,1543,95912
ZCTA5 95913,266,95,95913
ZCTA5 95914,459,185,95914
ZCTA5 95915,0,0,95915
ZCTA5 95916,765,320,95916
ZCTA5 95917,3561,1176,95917
ZCTA5 95918,1842,926,95918
ZCTA5 95919,1110,517,95919
ZCTA5 95920,171,77,95920
ZCTA5 95922,495,286,95922
ZCTA5 95923,60,38,95923
ZCTA5 95925,219,72,95925
ZCTA5 95926,42143,17035,95926
ZCTA5 95928,37533,15807,95928
ZCTA5 95929,0,0,95929
ZCTA5 95930,412,109,95930
ZCTA5 95932,7672,2909,95932
ZCTA5 95934,57,49,95934
ZCTA5 95935,564,252,95935
ZCTA5 95936,191,66,95936
ZCTA5 95937,996,447,95937
ZCTA5 95938,4327,1484,95938
ZCTA5 95939,323,156,95939
ZCTA5 95941,342,105,95941
ZCTA5 95942,2190,869,95942
ZCTA5 95943,536,254,95943
ZCTA5 95944,91,91,95944
ZCTA5 95945,27675,12008,95945
ZCTA5 95946,9448,3738,95946
ZCTA5 95947,1105,469,95947
ZCTA5 95948,11118,3721,95948
ZCTA5 95949,20709,8166,95949
ZCTA5 95950,452,175,95950
ZCTA5 95951,2743,772,95951
ZCTA5 95953,10945,3401,95953
ZCTA5 95954,8488,3460,95954
ZCTA5 95955,1311,472,95955
ZCTA5 95956,486,192,95956
ZCTA5 95957,770,281,95957
ZCTA5 95958,0,0,95958
ZCTA5 95959,18017,7256,95959
ZCTA5 95960,568,251,95960
ZCTA5 95961,33439,9906,95961
ZCTA5 95962,1136,450,95962
ZCTA5 95963,16483,5642,95963
ZCTA5 95965,20854,7218,95965
ZCTA5 95966,29335,11593,95966
ZCTA5 95968,1346,563,95968
ZCTA5 95969,7804,3447,95969
ZCTA5 95970,494,172,95970
ZCTA5 95971,6288,2138,95971
ZCTA5 95972,0,0,95972
ZCTA5 95973,37977,15024,95973
ZCTA5 95974,93,59,95974
ZCTA5 95975,1615,649,95975
ZCTA5 95977,1738,660,95977
ZCTA5 95978,283,65,95978
ZCTA5 95979,475,209,95979
ZCTA5 95981,60,28,95981
ZCTA5 95982,2971,1120,95982
ZCTA5 95983,360,154,95983
ZCTA5 95984,209,100,95984
ZCTA5 95986,110,42,95986
ZCTA5 95987,6489,2010,95987
ZCTA5 95988,9060,3082,95988
ZCTA5 95991,42490,14638,95991
ZCTA5 95993,38957,12792,95993
ZCTA5 96001,34109,13008,96001
ZCTA5 96002,34023,12929,96002
ZCTA5 96003,44068,18125,96003
ZCTA5 96006,513,164,96006
ZCTA5 96007,25009,9824,96007
ZCTA5 96008,1086,427,96008
ZCTA5 96009,380,135,96009
ZCTA5 96010,119,11,96010
ZCTA5 96011,157,62,96011
ZCTA5 96013,3929,1648,96013
ZCTA5 96014,285,110,96014
ZCTA5 96015,523,136,96015
ZCTA5 96016,297,139,96016
ZCTA5 96017,132,68,96017
ZCTA5 96019,10413,3970,96019
ZCTA5 96020,2404,1084,96020
ZCTA5 96021,15076,5219,96021
ZCTA5 96022,16497,6019,96022
ZCTA5 96023,1128,500,96023
ZCTA5 96024,1029,392,96024
ZCTA5 96025,2150,1031,96025
ZCTA5 96027,1872,794,96027
ZCTA5 96028,1667,605,96028
ZCTA5 96029,117,35,96029
ZCTA5 96031,70,43,96031
ZCTA5 96032,2629,1088,96032
ZCTA5 96033,245,101,96033
ZCTA5 96034,325,144,96034
ZCTA5 96035,3968,1535,96035
ZCTA5 96037,131,63,96037
ZCTA5 96038,399,209,96038
ZCTA5 96039,647,306,96039
ZCTA5 96040,88,39,96040
ZCTA5 96041,3413,1124,96041
ZCTA5 96044,1181,499,96044
ZCTA5 96046,410,39,96046
ZCTA5 96047,857,381,96047
ZCTA5 96048,1197,327,96048
ZCTA5 96050,369,217,96050
ZCTA5 96051,885,476,96051
ZCTA5 96052,2817,675,96052
ZCTA5 96054,242,119,96054
ZCTA5 96055,3404,1447,96055
ZCTA5 96056,1535,627,96056
ZCTA5 96057,1076,528,96057
ZCTA5 96058,706,202,96058
ZCTA5 96059,731,239,96059
ZCTA5 96061,38,38,96061
ZCTA5 96062,1074,393,96062
ZCTA5 96063,107,60,96063
ZCTA5 96064,4696,1819,96064
ZCTA5 96065,346,148,96065
ZCTA5 96067,7800,3715,96067
ZCTA5 96068,152,12,96068
ZCTA5 96069,1371,551,96069
ZCTA5 96071,17,17,96071
ZCTA5 96073,5633,1929,96073
ZCTA5 96074,225,46,96074
ZCTA5 96075,330,144,96075
ZCTA5 96076,140,63,96076
ZCTA5 96078,95,24,96078
ZCTA5 96080,31149,12047,96080
ZCTA5 96084,760,297,96084
ZCTA5 96085,65,32,96085
ZCTA5 96086,307,139,96086
ZCTA5 96087,819,298,96087
ZCTA5 96088,4552,2199,96088
ZCTA5 96090,395,181,96090
ZCTA5 96091,761,329,96091
ZCTA5 96092,511,160,96092
ZCTA5 96093,3626,1555,96093
ZCTA5 96094,6674,2760,96094
ZCTA5 96096,717,323,96096
ZCTA5 96097,10220,4378,96097
ZCTA5 96101,4868,1870,96101
ZCTA5 96103,1301,631,96103
ZCTA5 96104,883,364,96104
ZCTA5 96105,493,207,96105
ZCTA5 96106,359,134,96106
ZCTA5 96107,668,293,96107
ZCTA5 96108,103,39,96108
ZCTA5 96109,1182,414,96109
ZCTA5 96110,82,63,96110
ZCTA5 96111,22,13,96111
ZCTA5 96112,172,59,96112
ZCTA5 96113,2310,350,96113
ZCTA5 96114,2797,1182,96114
ZCTA5 96115,109,65,96115
ZCTA5 96116,0,0,96116
ZCTA5 96117,249,81,96117
ZCTA5 96118,1492,645,96118
ZCTA5 96119,28,16,96119
ZCTA5 96120,1273,358,96120
ZCTA5 96121,169,58,96121
ZCTA5 96122,4492,1913,96122
ZCTA5 96123,77,26,96123
ZCTA5 96124,253,39,96124
ZCTA5 96125,226,146,96125
ZCTA5 96126,233,102,96126
ZCTA5 96128,642,259,96128
ZCTA5 96129,411,146,96129
ZCTA5 96130,20892,5658,96130
ZCTA5 96132,17,8,96132
ZCTA5 96133,242,56,96133
ZCTA5 96134,2347,780,96134
ZCTA5 96135,114,59,96135
ZCTA5 96136,74,16,96136
ZCTA5 96137,2717,1268,96137
ZCTA5 96140,1099,467,96140
ZCTA5 96141,621,260,96141
ZCTA5 96142,821,392,96142
ZCTA5 96143,2852,1297,96143
ZCTA5 96145,3291,1372,96145
ZCTA5 96146,1120,517,96146
ZCTA5 96148,462,222,96148
ZCTA5 96150,29527,12678,96150
ZCTA5 96155,0,0,96155
ZCTA5 96161,19231,7655,96161
